conversation_pair_id,reference
b67f80b1124a4885b81f5a4841fa3967-4bcd1cd11c114954b325a332f436fffd,"La mère de François Mitterand s'appelait Yvonne Lorrain"
c4be84359b274ebaaa00c6e68991f04b-9a363244a5b84e3998580c8598baa64e,"A ce jour, les Premiers ministres ayant servi sous la présidence d'Emmanuel Macron sont: Édouard Philippe, Jean Castex, Élisabeth Borne, Gabriel Attal, Michel Barnier, François Bayrou. N'ayant pas accès aux données les plus récentes, la liste n'est peut-être pas complète"
cc75ee69429241218e05a5768a623806-bc62ba4303484bb1af5de0ab37352bb5,"SCORM, pour anglais : Sharable Content Object Reference Model, est un ensemble de standards et de spécifications utilisé pour les systèmes de formation en ligne, en général des learning management system ou LMS."
f94f7033ec9547a09e10b56378e3de71-431fe0d237264dbda21536ab5b77126a,"X"
3ce4309286e048659c4001de687fbb23-301a2e9cb4424700804d16adebd153ae,"L'expression ""beau comme une girafe"" n'est pas une expression connue de la langue française."
afeaa4ccf54c4a2f84fcb88ae7c1c398-6aeab01361994ca9b95dab133ec213ce,"François Bayrou est un homme d'État français, et occupe aujourd'hui le poste de Premier ministre depuis le 13 décembre 2024. N'ayant pas accès aux données les plus récentes, l'information est peut être aujourd'hui obsolète."
fcb686283ca8426a8b96c5334148f0f5-0013058bee3d4e86826ec342786ba46a,"X"
470a9993aaee4173a7c6f9f9c80f86df-940bb7aa50d44386b489d023f033de1c,"Actuellement, on trouve des safraniers dans une quarantaine de départements français, avec une production significative dans le Loiret (safran du Gâtinais), le Lot (safran du Quercy) et dans la Creuse (une safranière vaste de 1 ha est la plus importante exploitation de France)."
f7a53ce86b464fb8bb71ab1d8d3be421-c98c3ce287494b4ba90fe253e6564fa5,"X"
1ef7197584ef47e19d151b8068e97840-ca1abab0ebcd4f67a4b92bf2d1fd4a08,"La lettre ""r"" est présente trois fois dans le mot «strawberry»"
30beff130846467090135702f2879cd9-866293cea416461983f670402ae7853c,"49 communes. Grenoble Alpes Métropole regroupe 49 villes et villages situés en Isère (38)"
2d5fb9ecd6fb4722ba3e77dc97a3ef2a-1b4069696fde4ca09aa3fbc389967ea0,"X"
75387094b19543339cfbf6924df90692-c877f689a77f48cc95136a89b03879c2,"Le plus grand de ces deux nombres est 3.9"
d6ecd9a2ae3943b0b1f3802a759874e6-82a2eb39376847ccb29692fca8f1b439,"La norme ISO 8601 est une norme de l'Organisation internationale de normalisation (ISO) qui spécifie la représentation numérique de la date et de l'heure, respectivement basées sur le calendrier grégorien et le système horaire sur 24 heures. Cette notation, créée en 1988, est destinée à éviter toute confusion dans les communications internationales due au grand nombre de notations nationales différentes.
La représentation de la date et de l'heure est effectuée comme suit, si l'on souhaite être le plus précis possible :
AAAA-MM-JJTHH:MM:SS,ss-/+FF:ff
« AAAA » représente l'année sur quatre chiffres (par exemple : 1959) ;
« MM » représente le mois sur deux chiffres (par exemple : 12 pour décembre) ;
« JJ » représente le jour du mois sur deux chiffres (par exemple : 25 pour le 25e jour du mois) ;
« T » pour time permet de séparer les indications de date (à gauche) et d'heure (à droite) ;
« HH » représente l'heure en système 24 heures (par exemple : 15) ;
« MM » représente les minutes (par exemple : 20) ;
« SS » représente les secondes (par exemple : 49) ;
« ss » représente les fractions de seconde sur autant d'unités que nécessaire (par exemple : 3342) ;
« -/+» représente le fuseau horaire, où « + » permet d'indiquer un fuseau en avance sur UTC et « - » permet d'indiquer un fuseau en retard sur UTC ;
« FF » représente le nombre d'heures d'avance ou de retard sur le fuseau horaire UTC ;
« ff » représente le nombre de minutes d'avance ou de retard sur le fuseau horaire UTC."
ead2a64e61fb4be3819860571927cb2c-74d0bdac2a344608a922b828c9214dc8,"X"
575dc11f485a4493ba5642a51aded202-09fc68c2f0a2478aa45d5d36d6a37d43,"X"
ef1f57cbfdc54451a388ec91f6c97b04-bb4677bd8c6d4f169061cceff89cac79,"Je ne suis pas en mesure de vous donner la météo en direct, mais la région des Vosges peut-être enneigée entre novembre et mai. Consultez les bulletins de neige pour connaître la météo actuelle."
363b11bd3fa24a8b91452ead5f442cbf-7479afc1e35c43f68745c8b31c5213b1,"On ne peut pas réellement affirmer que les CD ont un meilleur son que les vinyles ou inversement. Cependant le son des vinyles est plus proche du son original, et intègre des petites impuretés comme du grésillement. La plage dynamique du CD est nettement supérieur à celle du disque microsillon (100 décibels contre 60)."
28784ac614754a4cadd48cc086061825-b07d4113cdda4937bc82e8658d3ebf93,"La phrase ""Il est mort"" correspond à ces contraintes"
